date,symbol,close
2026-01-15,ANGELONE,101.34
2026-01-16,ANGELONE,102.86
2026-01-19,ANGELONE,102.98
2026-01-20,ANGELONE,102.24
2026-01-21,ANGELONE,101.18
2026-01-22,ANGELONE,101.26
2026-01-23,ANGELONE,100.27
2026-01-26,ANGELONE,98.88
2026-01-27,ANGELONE,99.13
2026-01-28,ANGELONE,99.31
2026-01-29,ANGELONE,99.90
2026-01-30,ANGELONE,99.04
2026-02-02,ANGELONE,99.10
2026-02-03,ANGELONE,99.08
2026-02-04,ANGELONE,97.64
2026-02-05,ANGELONE,98.21
2026-02-06,ANGELONE,98.58
2026-02-09,ANGELONE,100.98
2026-02-10,ANGELONE,101.24
2026-02-11,ANGELONE,101.14
2026-02-12,ANGELONE,102.44
2026-02-13,ANGELONE,102.69
2026-02-16,ANGELONE,103.68
2026-02-17,ANGELONE,103.35
2026-02-18,ANGELONE,103.63
2026-02-19,ANGELONE,104.74
2026-02-20,ANGELONE,105.52
2026-02-23,ANGELONE,105.71
2026-02-24,ANGELONE,104.62
2026-02-25,ANGELONE,105.14
2026-02-26,ANGELONE,105.27
2026-02-27,ANGELONE,106.08
2026-03-02,ANGELONE,106.36
2026-03-03,ANGELONE,107.58
2026-03-04,ANGELONE,107.57
2026-03-05,ANGELONE,107.84
2026-03-06,ANGELONE,108.62
2026-03-09,ANGELONE,107.49
2026-03-10,ANGELONE,107.11
2026-03-11,ANGELONE,106.63
2026-03-12,ANGELONE,108.80
2026-03-13,ANGELONE,108.75
2026-03-16,ANGELONE,109.51
2026-03-17,ANGELONE,110.25
2026-03-18,ANGELONE,109.99
2026-03-19,ANGELONE,108.34
2026-03-20,ANGELONE,109.44
2026-03-23,ANGELONE,109.05
2026-03-24,ANGELONE,109.89
2026-03-25,ANGELONE,108.51
2026-03-26,ANGELONE,108.09
2026-03-27,ANGELONE,109.50
2026-03-30,ANGELONE,111.12
2026-03-31,ANGELONE,109.73
2026-04-01,ANGELONE,108.32
2026-04-02,ANGELONE,108.33
2026-04-03,ANGELONE,109.17
2026-04-06,ANGELONE,109.40
2026-04-07,ANGELONE,109.79
2026-04-08,ANGELONE,108.76
2026-04-09,ANGELONE,109.45
2026-04-10,ANGELONE,110.73
2026-04-13,ANGELONE,110.30
2026-04-14,ANGELONE,108.77
2026-04-15,ANGELONE,108.00
2026-04-16,ANGELONE,108.88
2026-04-17,ANGELONE,107.05
2026-04-20,ANGELONE,107.00
2026-04-21,ANGELONE,105.99
2026-04-22,ANGELONE,105.91
2026-04-23,ANGELONE,105.70
2026-04-24,ANGELONE,105.77
2026-04-27,ANGELONE,107.41
2026-04-28,ANGELONE,107.92
2026-04-29,ANGELONE,109.41
2026-04-30,ANGELONE,109.31
2026-05-01,ANGELONE,108.84
2026-05-04,ANGELONE,109.31
2026-05-05,ANGELONE,106.26
2026-05-06,ANGELONE,106.27
2026-05-07,ANGELONE,106.50
2026-05-08,ANGELONE,105.24
2026-05-11,ANGELONE,105.78
2026-05-12,ANGELONE,105.24
2026-05-13,ANGELONE,102.70
2026-05-14,ANGELONE,102.53
2026-05-15,ANGELONE,101.58
2026-05-18,ANGELONE,101.10
2026-05-19,ANGELONE,101.00
2026-05-20,ANGELONE,102.32
2026-05-21,ANGELONE,102.47
2026-05-22,ANGELONE,102.49
2026-05-25,ANGELONE,102.94
2026-05-26,ANGELONE,101.13
2026-05-27,ANGELONE,102.43
2026-05-28,ANGELONE,101.38
2026-05-29,ANGELONE,101.88
2026-06-01,ANGELONE,100.78
2026-06-02,ANGELONE,99.85
2026-06-03,ANGELONE,99.50
2026-06-04,ANGELONE,101.44
2026-06-05,ANGELONE,102.20
2026-06-08,ANGELONE,101.63
2026-06-09,ANGELONE,101.39
2026-06-10,ANGELONE,100.28
2026-06-11,ANGELONE,100.29
2026-06-12,ANGELONE,99.77
2026-06-15,ANGELONE,100.54
2026-06-16,ANGELONE,99.22
2026-06-17,ANGELONE,98.94
2026-06-18,ANGELONE,98.16
2026-06-19,ANGELONE,97.50
2026-06-22,ANGELONE,98.24
2026-06-23,ANGELONE,98.42
2026-06-24,ANGELONE,99.04
2026-06-25,ANGELONE,100.27
2026-06-26,ANGELONE,101.47
2026-06-29,ANGELONE,100.13
2026-06-30,ANGELONE,100.72
2026-07-01,ANGELONE,98.99
2026-07-02,ANGELONE,98.98
2026-07-03,ANGELONE,100.93
2026-07-06,ANGELONE,100.78
2026-07-07,ANGELONE,100.46
2026-07-08,ANGELONE,100.68
2026-07-09,ANGELONE,100.75
2026-07-10,ANGELONE,100.83
2026-07-13,ANGELONE,100.12
2026-07-14,ANGELONE,101.25
2026-07-15,ANGELONE,102.20
2026-01-15,HDFCBANK,99.82
2026-01-16,HDFCBANK,100.16
2026-01-19,HDFCBANK,100.85
2026-01-20,HDFCBANK,101.92
2026-01-21,HDFCBANK,102.35
2026-01-22,HDFCBANK,103.10
2026-01-23,HDFCBANK,102.86
2026-01-26,HDFCBANK,101.79
2026-01-27,HDFCBANK,101.31
2026-01-28,HDFCBANK,102.38
2026-01-29,HDFCBANK,103.41
2026-01-30,HDFCBANK,103.59
2026-02-02,HDFCBANK,103.03
2026-02-03,HDFCBANK,103.38
2026-02-04,HDFCBANK,105.13
2026-02-05,HDFCBANK,106.59
2026-02-06,HDFCBANK,105.89
2026-02-09,HDFCBANK,105.88
2026-02-10,HDFCBANK,104.37
2026-02-11,HDFCBANK,103.22
2026-02-12,HDFCBANK,103.44
2026-02-13,HDFCBANK,103.50
2026-02-16,HDFCBANK,104.53
2026-02-17,HDFCBANK,105.88
2026-02-18,HDFCBANK,106.80
2026-02-19,HDFCBANK,108.24
2026-02-20,HDFCBANK,107.68
2026-02-23,HDFCBANK,106.50
2026-02-24,HDFCBANK,107.06
2026-02-25,HDFCBANK,109.96
2026-02-26,HDFCBANK,110.39
2026-02-27,HDFCBANK,109.15
2026-03-02,HDFCBANK,109.45
2026-03-03,HDFCBANK,111.04
2026-03-04,HDFCBANK,109.93
2026-03-05,HDFCBANK,110.84
2026-03-06,HDFCBANK,110.20
2026-03-09,HDFCBANK,111.63
2026-03-10,HDFCBANK,112.54
2026-03-11,HDFCBANK,112.92
2026-03-12,HDFCBANK,115.21
2026-03-13,HDFCBANK,114.78
2026-03-16,HDFCBANK,114.02
2026-03-17,HDFCBANK,116.17
2026-03-18,HDFCBANK,115.19
2026-03-19,HDFCBANK,117.76
2026-03-20,HDFCBANK,117.74
2026-03-23,HDFCBANK,116.56
2026-03-24,HDFCBANK,116.59
2026-03-25,HDFCBANK,116.78
2026-03-26,HDFCBANK,117.05
2026-03-27,HDFCBANK,116.86
2026-03-30,HDFCBANK,118.16
2026-03-31,HDFCBANK,115.45
2026-04-01,HDFCBANK,114.85
2026-04-02,HDFCBANK,114.58
2026-04-03,HDFCBANK,116.70
2026-04-06,HDFCBANK,114.41
2026-04-07,HDFCBANK,114.05
2026-04-08,HDFCBANK,112.78
2026-04-09,HDFCBANK,112.07
2026-04-10,HDFCBANK,112.82
2026-04-13,HDFCBANK,113.32
2026-04-14,HDFCBANK,114.98
2026-04-15,HDFCBANK,114.33
2026-04-16,HDFCBANK,114.67
2026-04-17,HDFCBANK,116.05
2026-04-20,HDFCBANK,117.13
2026-04-21,HDFCBANK,116.77
2026-04-22,HDFCBANK,118.13
2026-04-23,HDFCBANK,117.07
2026-04-24,HDFCBANK,119.22
2026-04-27,HDFCBANK,119.44
2026-04-28,HDFCBANK,119.34
2026-04-29,HDFCBANK,119.70
2026-04-30,HDFCBANK,120.75
2026-05-01,HDFCBANK,122.89
2026-05-04,HDFCBANK,122.75
2026-05-05,HDFCBANK,122.34
2026-05-06,HDFCBANK,123.09
2026-05-07,HDFCBANK,122.06
2026-05-08,HDFCBANK,120.02
2026-05-11,HDFCBANK,121.06
2026-05-12,HDFCBANK,120.64
2026-05-13,HDFCBANK,122.03
2026-05-14,HDFCBANK,120.82
2026-05-15,HDFCBANK,117.35
2026-05-18,HDFCBANK,117.72
2026-05-19,HDFCBANK,117.94
2026-05-20,HDFCBANK,119.86
2026-05-21,HDFCBANK,120.53
2026-05-22,HDFCBANK,120.94
2026-05-25,HDFCBANK,121.68
2026-05-26,HDFCBANK,121.27
2026-05-27,HDFCBANK,121.40
2026-05-28,HDFCBANK,119.80
2026-05-29,HDFCBANK,120.46
2026-06-01,HDFCBANK,119.52
2026-06-02,HDFCBANK,119.03
2026-06-03,HDFCBANK,119.89
2026-06-04,HDFCBANK,121.03
2026-06-05,HDFCBANK,119.84
2026-06-08,HDFCBANK,122.28
2026-06-09,HDFCBANK,121.60
2026-06-10,HDFCBANK,122.65
2026-06-11,HDFCBANK,123.85
2026-06-12,HDFCBANK,124.17
2026-06-15,HDFCBANK,124.42
2026-06-16,HDFCBANK,126.69
2026-06-17,HDFCBANK,127.86
2026-06-18,HDFCBANK,128.46
2026-06-19,HDFCBANK,126.16
2026-06-22,HDFCBANK,125.25
2026-06-23,HDFCBANK,126.75
2026-06-24,HDFCBANK,127.03
2026-06-25,HDFCBANK,125.86
2026-06-26,HDFCBANK,125.09
2026-06-29,HDFCBANK,124.74
2026-06-30,HDFCBANK,125.63
2026-07-01,HDFCBANK,126.16
2026-07-02,HDFCBANK,127.45
2026-07-03,HDFCBANK,126.45
2026-07-06,HDFCBANK,127.74
2026-07-07,HDFCBANK,127.13
2026-07-08,HDFCBANK,126.79
2026-07-09,HDFCBANK,129.03
2026-07-10,HDFCBANK,129.16
2026-07-13,HDFCBANK,129.02
2026-07-14,HDFCBANK,128.79
2026-07-15,HDFCBANK,128.33
2026-01-15,BPCL,101.56
2026-01-16,BPCL,102.96
2026-01-19,BPCL,103.70
2026-01-20,BPCL,103.89
2026-01-21,BPCL,104.97
2026-01-22,BPCL,104.89
2026-01-23,BPCL,105.36
2026-01-26,BPCL,105.79
2026-01-27,BPCL,105.88
2026-01-28,BPCL,107.63
2026-01-29,BPCL,109.51
2026-01-30,BPCL,110.96
2026-02-02,BPCL,108.84
2026-02-03,BPCL,110.84
2026-02-04,BPCL,111.62
2026-02-05,BPCL,111.12
2026-02-06,BPCL,111.09
2026-02-09,BPCL,112.35
2026-02-10,BPCL,113.67
2026-02-11,BPCL,114.64
2026-02-12,BPCL,114.81
2026-02-13,BPCL,114.85
2026-02-16,BPCL,115.80
2026-02-17,BPCL,115.70
2026-02-18,BPCL,114.66
2026-02-19,BPCL,113.94
2026-02-20,BPCL,113.78
2026-02-23,BPCL,114.16
2026-02-24,BPCL,116.75
2026-02-25,BPCL,115.15
2026-02-26,BPCL,115.70
2026-02-27,BPCL,115.59
2026-03-02,BPCL,115.94
2026-03-03,BPCL,117.51
2026-03-04,BPCL,118.97
2026-03-05,BPCL,118.78
2026-03-06,BPCL,118.12
2026-03-09,BPCL,116.51
2026-03-10,BPCL,116.43
2026-03-11,BPCL,117.88
2026-03-12,BPCL,117.56
2026-03-13,BPCL,118.39
2026-03-16,BPCL,119.23
2026-03-17,BPCL,119.70
2026-03-18,BPCL,121.00
2026-03-19,BPCL,120.86
2026-03-20,BPCL,119.86
2026-03-23,BPCL,118.46
2026-03-24,BPCL,119.55
2026-03-25,BPCL,119.12
2026-03-26,BPCL,118.75
2026-03-27,BPCL,119.74
2026-03-30,BPCL,118.80
2026-03-31,BPCL,120.90
2026-04-01,BPCL,121.71
2026-04-02,BPCL,121.06
2026-04-03,BPCL,120.30
2026-04-06,BPCL,121.60
2026-04-07,BPCL,120.16
2026-04-08,BPCL,119.39
2026-04-09,BPCL,119.40
2026-04-10,BPCL,119.64
2026-04-13,BPCL,119.66
2026-04-14,BPCL,120.12
2026-04-15,BPCL,119.68
2026-04-16,BPCL,119.54
2026-04-17,BPCL,121.05
2026-04-20,BPCL,121.83
2026-04-21,BPCL,121.28
2026-04-22,BPCL,123.36
2026-04-23,BPCL,120.91
2026-04-24,BPCL,121.01
2026-04-27,BPCL,121.82
2026-04-28,BPCL,123.00
2026-04-29,BPCL,123.14
2026-04-30,BPCL,122.67
2026-05-01,BPCL,123.38
2026-05-04,BPCL,123.15
2026-05-05,BPCL,123.73
2026-05-06,BPCL,120.20
2026-05-07,BPCL,120.65
2026-05-08,BPCL,119.70
2026-05-11,BPCL,120.83
2026-05-12,BPCL,121.73
2026-05-13,BPCL,122.62
2026-05-14,BPCL,122.12
2026-05-15,BPCL,122.65
2026-05-18,BPCL,122.23
2026-05-19,BPCL,122.49
2026-05-20,BPCL,122.33
2026-05-21,BPCL,121.26
2026-05-22,BPCL,123.66
2026-05-25,BPCL,124.56
2026-05-26,BPCL,121.99
2026-05-27,BPCL,123.08
2026-05-28,BPCL,121.37
2026-05-29,BPCL,121.09
2026-06-01,BPCL,120.38
2026-06-02,BPCL,119.74
2026-06-03,BPCL,120.03
2026-06-04,BPCL,119.64
2026-06-05,BPCL,117.90
2026-06-08,BPCL,117.90
2026-06-09,BPCL,118.33
2026-06-10,BPCL,120.42
2026-06-11,BPCL,119.92
2026-06-12,BPCL,118.49
2026-06-15,BPCL,118.04
2026-06-16,BPCL,118.81
2026-06-17,BPCL,117.76
2026-06-18,BPCL,116.92
2026-06-19,BPCL,117.56
2026-06-22,BPCL,117.55
2026-06-23,BPCL,117.81
2026-06-24,BPCL,117.07
2026-06-25,BPCL,116.10
2026-06-26,BPCL,115.73
2026-06-29,BPCL,115.55
2026-06-30,BPCL,115.16
2026-07-01,BPCL,115.66
2026-07-02,BPCL,116.29
2026-07-03,BPCL,116.93
2026-07-06,BPCL,117.49
2026-07-07,BPCL,116.45
2026-07-08,BPCL,115.15
2026-07-09,BPCL,116.07
2026-07-10,BPCL,116.08
2026-07-13,BPCL,116.23
2026-07-14,BPCL,114.88
2026-07-15,BPCL,114.63
2026-01-15,NIFTY,99.38
2026-01-16,NIFTY,98.54
2026-01-19,NIFTY,97.94
2026-01-20,NIFTY,96.50
2026-01-21,NIFTY,96.60
2026-01-22,NIFTY,97.75
2026-01-23,NIFTY,97.07
2026-01-26,NIFTY,97.18
2026-01-27,NIFTY,96.14
2026-01-28,NIFTY,96.81
2026-01-29,NIFTY,98.63
2026-01-30,NIFTY,97.43
2026-02-02,NIFTY,97.23
2026-02-03,NIFTY,98.64
2026-02-04,NIFTY,99.02
2026-02-05,NIFTY,99.15
2026-02-06,NIFTY,97.15
2026-02-09,NIFTY,97.02
2026-02-10,NIFTY,97.93
2026-02-11,NIFTY,99.36
2026-02-12,NIFTY,100.01
2026-02-13,NIFTY,99.45
2026-02-16,NIFTY,98.79
2026-02-17,NIFTY,97.01
2026-02-18,NIFTY,95.99
2026-02-19,NIFTY,97.08
2026-02-20,NIFTY,96.99
2026-02-23,NIFTY,95.71
2026-02-24,NIFTY,97.00
2026-02-25,NIFTY,95.39
2026-02-26,NIFTY,96.61
2026-02-27,NIFTY,96.32
2026-03-02,NIFTY,96.67
2026-03-03,NIFTY,97.34
2026-03-04,NIFTY,97.62
2026-03-05,NIFTY,98.88
2026-03-06,NIFTY,98.91
2026-03-09,NIFTY,98.61
2026-03-10,NIFTY,97.98
2026-03-11,NIFTY,96.58
2026-03-12,NIFTY,95.93
2026-03-13,NIFTY,96.89
2026-03-16,NIFTY,97.71
2026-03-17,NIFTY,99.09
2026-03-18,NIFTY,101.81
2026-03-19,NIFTY,102.56
2026-03-20,NIFTY,103.09
2026-03-23,NIFTY,101.76
2026-03-24,NIFTY,101.53
2026-03-25,NIFTY,103.78
2026-03-26,NIFTY,104.35
2026-03-27,NIFTY,104.23
2026-03-30,NIFTY,104.57
2026-03-31,NIFTY,102.61
2026-04-01,NIFTY,101.78
2026-04-02,NIFTY,100.46
2026-04-03,NIFTY,98.34
2026-04-06,NIFTY,99.11
2026-04-07,NIFTY,100.09
2026-04-08,NIFTY,99.93
2026-04-09,NIFTY,100.30
2026-04-10,NIFTY,99.31
2026-04-13,NIFTY,99.78
2026-04-14,NIFTY,100.56
2026-04-15,NIFTY,102.12
2026-04-16,NIFTY,103.74
2026-04-17,NIFTY,104.26
2026-04-20,NIFTY,104.15
2026-04-21,NIFTY,103.31
2026-04-22,NIFTY,102.71
2026-04-23,NIFTY,103.36
2026-04-24,NIFTY,103.97
2026-04-27,NIFTY,104.01
2026-04-28,NIFTY,105.76
2026-04-29,NIFTY,106.46
2026-04-30,NIFTY,106.50
2026-05-01,NIFTY,106.32
2026-05-04,NIFTY,106.42
2026-05-05,NIFTY,105.44
2026-05-06,NIFTY,104.42
2026-05-07,NIFTY,104.81
2026-05-08,NIFTY,104.22
2026-05-11,NIFTY,103.95
2026-05-12,NIFTY,105.24
2026-05-13,NIFTY,105.06
2026-05-14,NIFTY,106.46
2026-05-15,NIFTY,106.47
2026-05-18,NIFTY,108.11
2026-05-19,NIFTY,108.63
2026-05-20,NIFTY,106.75
2026-05-21,NIFTY,108.09
2026-05-22,NIFTY,107.89
2026-05-25,NIFTY,105.79
2026-05-26,NIFTY,105.93
2026-05-27,NIFTY,106.12
2026-05-28,NIFTY,104.77
2026-05-29,NIFTY,104.15
2026-06-01,NIFTY,104.74
2026-06-02,NIFTY,106.24
2026-06-03,NIFTY,107.48
2026-06-04,NIFTY,108.81
2026-06-05,NIFTY,110.05
2026-06-08,NIFTY,107.34
2026-06-09,NIFTY,106.58
2026-06-10,NIFTY,106.80
2026-06-11,NIFTY,103.95
2026-06-12,NIFTY,104.78
2026-06-15,NIFTY,105.73
2026-06-16,NIFTY,104.93
2026-06-17,NIFTY,104.55
2026-06-18,NIFTY,103.59
2026-06-19,NIFTY,103.59
2026-06-22,NIFTY,103.57
2026-06-23,NIFTY,103.59
2026-06-24,NIFTY,102.55
2026-06-25,NIFTY,102.97
2026-06-26,NIFTY,102.64
2026-06-29,NIFTY,103.63
2026-06-30,NIFTY,103.98
2026-07-01,NIFTY,102.46
2026-07-02,NIFTY,101.00
2026-07-03,NIFTY,101.09
2026-07-06,NIFTY,100.62
2026-07-07,NIFTY,101.11
2026-07-08,NIFTY,101.95
2026-07-09,NIFTY,101.99
2026-07-10,NIFTY,100.29
2026-07-13,NIFTY,99.11
2026-07-14,NIFTY,99.70
2026-07-15,NIFTY,98.67
