symbol,name,sector,cap,weight
BAJFINANCE,Bajaj Finance,BFSI,Large,5.71%
POLYCAB,Polycab India,Consumption,Large,2.86%
MAHABANK,Bank of Maharashtra,Bank,Mid,5.71%
CUMMINSIND,Cummins India,Autos,Large,2.86%
BAJAJ-AUTO,Bajaj Auto,Autos,Large,2.86%
EICHERMOT,Eicher Motors,Autos,Large,2.86%
KAJARIACER,Kajaria Ceramics,Infra,Small,2.86%
LALPATHLAB,Dr. Lal PathLabs,Healthcare,Small,2.86%
NAM-INDIA,Nippon Life India Asset Management,BFSI,Mid,2.86%
HINDCOPPER,Hindustan Copper,Metals & Mining,Small,2.86%
NMDC,NMDC,Metals & Mining,Mid,2.86%
NATIONALUM,National Aluminium,Metals & Mining,Mid,5.71%
NESTLEIND,Nestle India,FMCG,Large,5.71%
AIAENG,AIA Engineering,Autos,Small,2.86%
AUBANK,AU Small Finance Bank,Bank,Mid,2.86%
CANBK,Canara Bank,Bank,Large,2.86%
GRINDWELL,Grindwell Norton,Capital Goods,Small,2.86%
HONAUT,Honeywell Automation India,Consumption,Small,2.86%
MARICO,Marico,FMCG,Mid,2.86%
SONACOMS,Sona BLW Precision Forgings,Autos,Small,2.86%
TITAN,Titan Company,Consumption,Large,2.86%
MARUTI,Maruti Suzuki India,Autos,Large,2.86%
BOSCHLTD,Bosch,Autos,Large,2.86%
3MINDIA,3M India,Diversified,Large,2.86%
COALINDIA,Coal India,Metals & Mining,Large,2.86%
JBCHEPHARM,JB Chemicals & Pharmaceuticals,Healthcare,Small,2.86%
DRREDDY,Dr. Reddy's Laboratories,Healthcare,Large,5.71%
ZENTEC,Zen Technologies,Capital Goods,Small,2.86%
ANGELONE,Angel One,BFSI,Small,2.86%
NATCOPHARM,Natco Pharma,Healthcare,Small,2.86%
