CD_NSE Symbol	Accord Code	ISIN Code	# Stocks	Company Name
BAJFINANCE	100034	INE296A01032	1	Bajaj Finance Ltd
NESTLEIND	100790	INE239A01024	2	Nestle India Ltd
DRREDDY	100124	INE089A01031	3	Dr Reddy's Laboratories Ltd
MAHABANK	132525	INE457A01014	4	Bank of Maharashtra Ltd
NATIONALUM	132234	INE139A01034	5	National Aluminium Co Ltd
CANBK	132483	INE476A01022	6	Canara Bank Ltd
BAJAJ-AUTO	200132	INE917I01010	7	Bajaj Auto Ltd
NMDC	126371	INE584A01023	8	NMDC Ltd
3MINDIA	123395	INE470A01017	9	3M India Ltd
AIAENG	132683	INE212H01026	10	AIA Engineering Ltd
ANGELONE	209902	INE732I01021	11	Angel One Ltd
BOSCHLTD	100530	INE323A01026	12	Bosch Ltd
CUMMINSIND	100480	INE298A01020	13	Cummins India Ltd
LALPATHLAB	218763	INE600L01024	14	Dr. Lal PathLabs Ltd
EICHERMOT	105200	INE066A01021	15	Eicher Motors Ltd
GRINDWELL	106076	INE536A01023	16	Grindwell Norton Ltd
HINDCOPPER	113599	INE531E01026	17	Hindustan Copper Ltd
HONAUT	117174	INE671A01010	18	Honeywell Automation India Ltd
KAJARIACER	100233	INE217B01036	19	Kajaria Ceramics Ltd
MARICO	131642	INE196A01026	20	Marico Ltd
MARUTI	132500	INE585B01010	21	Maruti Suzuki India Ltd
NAM-INDIA	209078	INE298J01013	22	Nippon Life India Asset Management Ltd
POLYCAB	211337	INE455K01017	23	Polycab India Ltd
SONACOMS	214179	INE073K01018	24	Sona Blw Precision Forgings Ltd
NSE:TITAN	100114	INE280A01028	25	Titan Company Ltd
ZENTEC	190032	INE251B01027	26	Zen Technologies Limited
COALINDIA	219300	INE522F01014	27	Coal India Limited
AUBANK	286335	INE949L01017	28	AU Small Finance Bank Ltd
NATCOPHARM	124816	INE987B01026	29	Natco Pharma Ltd
