symbol,name,sector,cap,weight,aliases
BAJFINANCE,Bajaj Finance,BFSI,Large,,
POLYCAB,Polycab India,Consumption,Large,,
MAHABANK,Bank of Maharashtra,Bank,Mid,,
CUMMINSIND,Cummins India,Autos,Large,,
BAJAJ-AUTO,Bajaj Auto,Autos,Large,,
EICHERMOT,Eicher Motors,Autos,Large,,
KAJARIACER,Kajaria Ceramics,Infra,Small,,
LALPATHLAB,Dr. Lal PathLabs,Healthcare,Small,,
NAM-INDIA,Nippon Life India Asset Management,BFSI,Mid,,
HINDCOPPER,Hindustan Copper,Metals & Mining,Small,,
NMDC,NMDC,Metals & Mining,Mid,,
NATIONALUM,National Aluminium,Metals & Mining,Mid,,
NESTLEIND,Nestle India,FMCG,Large,,
AIAENG,AIA Engineering,Autos,Small,,
AUBANK,AU Small Finance Bank,Bank,Mid,,
CANBK,Canara Bank,Bank,Large,,
GRINDWELL,Grindwell Norton,Capital Goods,Small,,
HONAUT,Honeywell Automation India,Consumption,Small,,
MARICO,Marico,FMCG,Mid,,
SONACOMS,Sona BLW Precision Forgings,Autos,Small,,
TITAN,Titan Company,Consumption,Large,,
MARUTI,Maruti Suzuki India,Autos,Large,,
BOSCHLTD,Bosch,Autos,Large,,
3MINDIA,3M India,Diversified,Large,,
COALINDIA,Coal India,Metals & Mining,Large,,
DRREDDY,Dr. Reddy's Laboratories,Healthcare,Large,,
ZENTEC,Zen Technologies,Capital Goods,Small,,
ANGELONE,Angel One,BFSI,Small,,
NATCOPHARM,Natco Pharma,Healthcare,Small,,
