symbol,date,headline,event_type,sentiment,subject,severity,action_stage,people_direction,role_tier,amount_inr_cr,event_key,penalty_override,status,valid_as_of,source_ref,url,note,standing
NAM-INDIA,2026-04-15,SEBI settlement ~Rs 96 cr over Yes Bank AT1 investments (settlement letter 15-Apr-26; CEO and fund manager pay Rs 2.1 cr each),regulatory_action,-1,company,integrity,order_or_settlement,n/a,n/a,96,nippon-sebi-yesbank-at1,-20,verified,,"Reuters 23-Apr-26; BW Businessworld 23-Sep-26",,Reconciliation 1-Oct-2026 s6: -20,
NAM-INDIA,,CBI probe over the Yes Bank AT1 investments still open at 3-Jul-26,investigation,-1,company,material,investigation,n/a,n/a,,nippon-cbi-yesbank-at1,-10,verified,2026-07-03,"BW Businessworld 23-Sep-26",,Reconciliation s6: open probe -10 (in force at the as-of date),
NAM-INDIA,,EPF (provident fund) procedural matter,exchange_fine,0,company,procedural,n/a,n/a,n/a,,nippon-epf-minor,-5,provisional,2026-07-03,"Reconciliation s6 ('EPF minor -5'); detail not given - confirm from filing",,Described only as 'EPF minor' in the reconciliation,
KAJARIACER,2025-12-22,Rs 20 cr embezzlement by subsidiary CFO at Kerovit Global (EOW complaint 18-Dec-25; disclosed 22-Dec-25),investigation,-1,subsidiary,material,investigation,n/a,n/a,20,kajaria-kerovit-cfo-fraud,-10,verified,,"BSE filing 22-Dec-25",,Reconciliation s6: -10; memory discount dropped (in-window items supersede),
KAJARIACER,2025-12-22,Subsidiary CFO terminated after the Kerovit Global embezzlement,management_exit,-1,subsidiary,material,n/a,unplanned_exit,cxo_cs_cfo_compliance,,kajaria-kerovit-cfo-fraud-exit,-8,verified,,"BSE filing 22-Dec-25",,Reconciliation s6: -8,
BOSCHLTD,2026-04-08,Rs 9068.68 cr acquisition of Bosch Chassis Systems from Robert Bosch entities with preferential allotment to promoter (postal ballot 9-Apr to 8-May-26),rpt_concern,0,company,material,n/a,n/a,n/a,9068.68,bosch-chassis-rpt,-12,verified,,"BSE Reg-30 filing, Bosch Limited, 8-Apr-26",,Reconciliation s6: material RPT -12,
BOSCHLTD,,MNC subsidiary structural discount (dependence on parent),mnc_structural_discount,0,company,procedural,n/a,n/a,n/a,,bosch-mnc-structural,-5,convention,2026-07-03,"Reconciliation s6 ('MNC discount -5')",,Convention: structural discount for MNC subsidiaries,yes
HONAUT,2026-05-20,CFO Pulkit Goyal exit (deferred to 20-May-26); Satish Agarwal appointed,management_exit,-1,company,material,n/a,unplanned_exit,cxo_cs_cfo_compliance,,honaut-cfo-exit,-8,provisional,,"Reconciliation s6 - provisional; confirm from filing",,Provisional per the reconciliation,
MARICO,,FSSAI labelling notice (multi-company); company states it is compliant,regulatory_action,0,company,procedural,notice_or_demand,n/a,n/a,,marico-fssai-notice,-5,provisional,2026-07-03,"Reconciliation s6 - provisional; confirm from filing",,Procedural band -5,
MARICO,,Lead Independent Director Milind Barve to step down 1-Aug-26,board_independence,0,company,material,n/a,n/a,non_executive_director,,marico-lead-id-exit,-8,provisional,2026-07-03,"Reconciliation s6 - provisional; confirm from filing",,Provisional per the reconciliation,
NATCOPHARM,2026-05-14,NPPA demand notice Rs 4.92 cr alleging overcharging,regulatory_action,-1,company,minor,notice_or_demand,n/a,n/a,4.92,natco-nppa-notice,-10,provisional,,"Reconciliation s6 - provisional; confirm from filing",,Minor band -10 per the reconciliation,
MAHABANK,,BRSR-disclosed penalties of Rs 64.30 lakh (procedural),exchange_fine,0,company,procedural,n/a,n/a,n/a,0.643,mahabank-brsr-penalties,-5,provisional,2026-07-03,"Reconciliation s6 - provisional; confirm from filing",,Procedural band -5,
ZENTEC,2025-11-03,Zen Technologies CFO resignation disclosed 3-Nov-25,management_exit,-1,company,material,n/a,unplanned_exit,cxo_cs_cfo_compliance,,zen-cfo-resignation,-8,provisional,,"July 2026 card (chat-built) and Reconciliation s4; filing not re-verified",,Missed by the team-built card,
